Source id,Sentence en
1,Eclipse also helps in troubleshooting the program.
2,"""By faith speak I, as it is written, And we have the same spirit of faith, and say, We believe."""
3,Then it will automatically search for the driver. I click on Cancel.
4,"For all iterations, the iterator is set to each index value. 1,1 then 1,2 is..."
5,"""And when he had opened the second seal, behold, the second living being came, and I heard the voice,"""
6,We learnt that objects are stored in their position fields.
7,Boy has faith in you all.
8,You may be amazed by observing nature.
9,"""And his charity aboundeth in you, when he remembereth how ye disobeyed him, and received him with fear and trembling."""
10,"""In a rainy season, a portion of the water enters the earth as dry, and then comes together and becomes ground water."""
11,They will see the book.
12,Dad came from the library.
13,Go back to the upper limit and click on 7 in the tab from 0 to 9.
14,The align and distribute dialog box opens on the right side of the interface.
15,Click on the line number to set the break point.
16,Here we have done exactly what we did for Borrowed Books.
17,"""The classical period is defined by Patanjali's Yoga Sutra, the first systematic presentation of Yoga."""
18,They all leaned.
19,"Apache, MySQL and PHP developed by XAMPP 5.5.19"
20,"Here, we can enter the title of the document in yoga."
21,The army follows these.
22,1. What are the cells?
23,"In the launcher, we can add a shortcut."
24,"""The height of the roof should be such that it can be used as storage and not feed the village."""
25,"A variety of modern materials are also used in the manufacture of cooking equipment, refrigerator, television etc."
26,You can also hunt some insects and other things.
27,Everyone should be prepared.
28,Boy displays love in you.
29,"""For thou knowest that all that are in Asia have forsaken me: among them are Phugelus and Hermogenes."""
30,"To clarify this, I am referring to the heading of the Indian Journal of Microbiology."
31,"Publisher, Collection title,"
32,The second step is to place the legs in pairs.
33,I select the shortcut Brush and de-select the Gradient and select my preferred characters.
34,"Next, we forward to the successUser page."
35,Trees and plants grow by other rules.
36,"""Therefore ye are no more strangers and foreigners, but fellow citizens with the saints, and citizens of God:"""
37,The tribal dances are usually performed in groups and we wear special clothes at this time.
38,"""For there is neither Jew nor Greek: for there is one Lord of all, who speaketh unto all."""
39,"So, eliminate the harmful factors in the garden to deal with these problems."
40,"To delete the Basket (Order),"
41,Irrigate with moisture.
42,"""Then, aroused by war, Shurpan Khaya came into battle and killed Ram and his followers in the battle."""
43,We have come to the end of this tutorial.
44,These are methods and constructors.
45,Pandavas also had doubts.
46,"Read the data in the file as fp = fopen(Sample.txt, r);"
47,"For details, type: contact@spoken-tutorial.org."
48,"Now, select the password for Moodle Administrator. Follow the password rules shown here."
49,"When the extract occurs, I rename the FrontAccounting file as account."
50,"""And all the Gentiles and the people of Israel sat in the assembly."""
51,Welcome to Meet the GIMP tutorial.
52,Declare it before using a variable.
53,Let us see the frequency of jdk.
54,"As we see, Course Category is Mathematics."
55,"Now, let us see how to create a simple Java web project using NetBeans IDE."
56,Hand is the death of Acharya Drona.
57,We will continue.
58,"But for the sake of convenience, I will just fill in the duck for Full Name and leave the other details blank by pressing Enter."
59,Stand or sit in comfortable position.
60,"""And it came to pass, when they were in the way, that the people spread their garments."""
61,"In the perspective, type INKSCAPE."
62,Type u and press Enter.
63,"Next, let us work through the for loop."
64,We will see again next week. We will meet again.
65,Clean the place where onions and other foods are placed.
66,"""Covered with preserved coatings"""
67,"If you do not have good bandwidth, check it carefully."
68,Use a double seam and add one seam with the other to make the seams stronger.
69,The left arm should be in contact with the spine and the right arm opposite the spinal cord.
70,Change the name of the layer to CD template.
71,Treat many waterborne diseases.
72,Enemy covers.
73,Right-click on Databases node in the Services window.
74,Here is an error.
75,We will stay here.
76,"""And it came to pass, on the eighth day, that they cut the child's skin, and called his name, according to his father's name, Zacharias."""
77,"So, the controller goes to displayMessage."
78,We can now add it to the document.
79,Woman decorates.
80,Why is it important to read Geeta today?
81,"""Although there was no success there, some metal of the gold diamond was produced successfully."""
82,"""Stick the knees on the ground, pull inside the belly and sit back while resting on the elbows, ticking the buttocks."""
83,"Next, we will call the removeFromCheckout method."
84,Boy will take suit.
85,"""But in the Lord man is without woman, and woman is not without man."""
86,Make a list of sewing tools and specifications by hand.
87,4. The leaves are usually green to make the plants eat.
88,"To get out of her belly, I just click."
89,We had made a rectangle.
90,HANUMATA LANKA: One who learns the Sithas.
91,"In this summary tutorial, we have learnt about sub-classification and method overriding."
92,"""And it came to pass, that we had no desire for Demetrius, who made the works of Artemis, and the temple of the silver goddess, to be profitable to all the workmen."""
93,This tutorial is designed to teach nutrition and health benefits of various types of cooking and socially functioning foods.
94,Now let us learn how to install the software using Synaptic Package Manager.
95,These may be single cell or multicellular.
96,Click on View this Journal Entry link.
97,Who is a spider?
98,She is listening.
99,"So- [abc] means that it is added to a regular expression, a or b or c."
100,"""On their side, water was available for cooking, washing clothes and other activities."""
101,"""Which no one of the rulers of this age hath known, that they should not crucify the glorious Lord."""
102,We can see that we also use food to express nature.
103,"""And he cast them out of the synagogue."""
104,"""But he answered and said unto them, He that made me well said unto me, Take up thy bed, and walk."""
105,Go to where the logo is saved.
106,"The seating positions are Siddhasana, Gomachasana, Midmatyasendra and Myurasana."
107,These are two asanas.
108,Krishna is omniscient.
109,Monkey deposits fruit.
110,Who are the warriors?
111,Click on the arrange at the bottom right.
112,induce the senses.
113,"""This was the third time that Jesus appeared unto his disciples after he was raised from the dead."""
114,There are many rooms in this house.
115,"Now, let us add Service tax. Before that, we have to create a GL Account in Service Tax."
116,"In the old tutorials, we learnt a bit about bookmarks."
117,Now press Enter. Type dot slash if1 to execute. Press Enter.
118,Input/Output functions and Time-stamp functions.
119,"Next, we will parse id to book_id as Integer."
120,"""But in the time when the seventh angel shall sound his trumpet, the mystery of God shall be fulfilled, as he proclaimed unto his servants the prophets."""
121,"But to redirect the error stream, you have to use 2 right angle brackets or 2 double right-angle brackets."
122,Now we can see their names in the user id.
123,"""Vishutvam, Trinitri Spirit,"""
124,But we can send a maximum of 500 names per day.
125,"This class should have received variables representing the details below: Name service space,"
126,You two are lovers.
127,What was Marich?
128,Keep the order and run. We see that the value is zero.
129,"In the sub-field like a, Classification number, type 660.62."
130,"Now, let us look at some common flaws."
131,It improves blood circulation throughout the body.
132,What is an index sequence test in any multidimensional array?
133,Create an odd circle of pink and a black circle.
134,Error dialog box and Shortcut keys.
135,Let's come back here. Let me delete it. Now I will add the image.
136,You must have heard the name of DDT.
137,Here we see that the write permission has been removed.
138,Read the License Agreement carefully.
139,It contains the required output for preparing the primary documents of LaTeX on Windows and TeXworks is the first available manual editor of MikTeX.
140,We can see block diagrams without mathematical expression.
141,Let us speak.
142,The Internet connection should be correct.
143,And the program will be finished.
144,"""Using curtains to lower the legs, lower the knees above the shoulders."""
145,This simple line is the foundation of your drawing.
146,Krishna establishes the chariot.
147,This is explained in the Spoken Tutorial which I have created on creating equations.
148,The Spoken Tutorial project is part of the Talk to a Teacher project.
149,Koha automatically selects Spoken Tutorial Library.
150,"""And all that sat in the council looked on him, and saw his face as the face of an angel."""
151,Go to the browser and open your model set.
152,You can type in your journal title.
153,And these keys are used for other selection tools.
154,More information on this mission is available at this link.
155,"However, do not use Internet Explorer as it does not display properly."
156,"In the prompt, type the date space plus percentage symbol as small as h and press Enter."
157,Let us know what the interface name is in this tutorial.
158,name of the simplest and most subtle organism on earth;
159,Fingers move backwards.
160,"""Father, glorify thy name, and I will also glorify it."""
161,"""Some common paper used in food environments are: platinum paper, bastard paper, rhinestone paper, calotropic paper, caster paper, seamless milk paper, lotus paper, pastry paper, stereo paper etc."""
162,"""And in those days men shall die, but shall not find it: they shall seek their souls, but escape from death."""
163,I thought.
164,ENVIRON denotes the shell environment variables and their array of values.
165,We have placed the part outside. There is someone sitting there.
166,apt-get command line assignment has the same GUI.
167,Place the legs about 10 inches apart. Place the hands between the legs.
168,Let us see what is in the Awkdemo.txt file.
169,"""Then they say, Behold, the desire of the soul is accomplished by them: and the second light shines forth first, that the word may be established."""
170,explain the meaning of folk dance
171,"So, I can make the black point so far."
172,"Extract the gene ""HIV1gp3"" at 4587 to 5165 locations from the HIV genomic sequence."
173,"""Then Jesus saith unto them plainly, Lazarus is dead."""
174,"""For whosoever doeth evil, when he seeeth his works, he cometh into the light, and is not condemned."""
175,Now let us see how to run the system.
176,Now click OK and click on the dialog box.
177,It summarizes the Spoken Tutorial project.
178,"Next, I select Step Over. The import value in the constructor is set to 10."
179,Read the meditation stanza.
180,Today you eat at home.
181,Welcome to the spoken tutorial on grep command.
182,"Next, under Description, we will see 2 fields: Course Summary and Course summary files."
183,That is a people ship.
184,"includegraphics uses the color package. To keep this requirement in mind, we will comment on LaTeX."
185,Now we will use the cout statement instead of the printf statement because we are using cout<< function to print the line in C++.
186,3. Galvilat gets the same organ as the stomach after eating food.
187,List the traditional remedies used by water purifiers.
188,"So, I will select the divider and compare the errors."
189,"""And there are extensive references on interdisciplinary studies, planetary movements, eclipse calculation, calendar calculation etc."""
190,"So while doing this exercise, your breath rate should be from 30 to 35 breaths per minute."
191,"Spoken Tutorial Project is part of the Talk to a Teacher project supported by the National Literacy Mission through ICT, MHRD, Government of India."
192,"The spoken tutorial"""" project conducts workshops using regular tutorials."
193,"""No indeed; but he that giveth is the giver: for it is said, The Holy Ghost is the enemy of God: but unto the faithful it is given."""
194,Satva: One who has the power of bravery.
195,Bend the right hand slowly to the right until it reaches the right leg.
196,Teacher calls the child.
197,There are two types of cleansing of external organs.
198,"""And they were exceedingly angry, and seized the apostles, and cast them into lowly prisons."""
199,"So, I will create a new layer and name it white and then select White in the Layer Fill Type and I will instantly decrease the opacity which we can see through the image."
200,Self: One who is in His majesty.
201,Some tribal dances of India can be described with examples.
202,Now compile the using statement.
203,Enough.
204,There should be enough space to play this game.
205,"""Therefore be ye careful how ye hear: for whosoever shall have, he shall have it again; but he that shall not have it shall be taken from him, even that which he hath."""
206,Why? We have not initialized the values of the variables.
207,Now double-click on ctrl and z keys and disable this function.
208,Click on Selector tool.
209,I will give these to you.
210,"""As you inhale, your stomach comes out and as you exhale, the stomach sinks."""
211,Now we will invoke the Show Data Method to print the details of the nomination.
212,Click on the View menu and select the Properties option.
213,The text is recorded using Maximum Resolution for efficient use of the tools.
214,Calculates Total 4000 and Actual cost 0.00 by itself.
215,How to use and set guidelines
216,The Provision field is used by a Sales Person.
217,"""And his disciples said unto him, Where shall we get bread to feed the dead in this wilderness?"""
218,Boy has friendship in that.
219,The video shown here is an application called Videos.
220,"""As it is written in the book of Hosea, He that was not of me will I call my own; and he that I loved, I will call my beloved."""
221,You can also install KTouch from the Ubuntu database.
222,Child believes in these.
223,For Grace period: I will select 15 day(s).
224,"""And thy works, and thine affliction, and thy nakedness: but thou art rich, and I know the reproaches of them that call themselves Jews, and are not Jews, but a synagogue of Satan."""
225,Lord Krishna says in the Gita:
226,It is a physical exercise in which a person runs at a single pace.
227,Indicate what is pure or pure in the following sentences.
228,"""But whatsoever cometh out of the heart, that cometh forth from the inner, and cometh into the man."""
229,"In the prompt, type the date space plus percentage symbol as larger than T and press Enter."
230,"""The king summoned a few brahmins and said, My mother's last wish was to offer pomegranates to the Brahmins,"""
231,"""And all the hill went into the wilderness."""
232,Do you know Gita?
233,The next setup is Hidden sections. These are secret topics for the chest in the course.
234,Those two are vanities.
235,The first step here is General Ledger Account Classes.
236,"""Now he hath reconciled with them that were hated before him, in the flesh, through the death of his flesh."""
237,But this is not the case with apmarjakas.
238,"""Greet Tryphena and Tryphosa, who have worked hard in the Lord. Greet my beloved Persis, who has worked hard for the Lord""."
239,"""This is a relaxing, continuous and peaceful exercise."""
240,"""Most human actions are in harmony with nature and their influence on nature is not negative."""
241,It should not cause any heavy movement or movement. It can disturb the body and spine.
242,Product of 5 and 2 is 10.00)
243,Son- What is going on between them?
244,"So, when we open the emacs editor, we see maths.pdf_t."
245,Feel better transmission in all parts of the body.
246,"""O house of Israel, know that the Lord our God is one Lord."""
247,"There are also many mantras in Vedic texts like Rigveda, Yajurveda, Maitreya code, Bhagavad-gita and Dharmasutra."
248,Click twice to view the contents of the folder.
249,Look at two square handles and two circular or arch handles.
250,"""When food is placed on the table, it is called buffet arrangement."""
251,"""Whom the apostles and elders, and brethren of the Gentiles that are at Antioch and Syria and Cilicia, salute."""
252,These are two armies.
253,"However, for security reasons, it should not be direct access to the web."
254,"""Then Paul called one of the centurions, and said unto him, This young man hath something to tell thee of the commander: let him hear it."""
255,"If I always forget something, then I do it."
256,Google Calendar....
257,"""And when the fire was kindled, all the people stood outside, praying."""
258,"Next, click on Koha Administration."
259,Smell of sand.
260,"""For this is why I wrote unto you, that I might test you, and see whether ye are true in all things."""
261,A new page opens.
262,"It also requires the use of terminals, text editors, synaptic cache managers in Linux."
263,"For example, in a two-dimensional array, an element is identified by two index sequences."
264,Those are Sanskrit houses.
265,Save the image as .cml file.
266,Type 4.
267,Some people build objects in a small space in the house with the necessary tools.
268,It increases concentration and calms the mind.
269,"""In the practice of Bhramari, use Na Kara instead of Mama Kara."""
270,"""By faith they conquered kingdoms, exercised righteousness, received the rewards of promises, silenced the mouths of lions:"""
271,"""And the disciples came unto him, and said unto them, What do ye speak unto them in parables?"""
272,Add the number Prak 2 to the name.
273,We have to open the terminal.
274,"Now, we will try to delete it. So, click on the slash icon to remove the asterisk."
275,"""Food distribution India is a country of unity in diversity. India has diversity in languages, geography, climate, religions and cultures and in this way food is also different."""
276,Notice that the curve design is not correct.
277,Now click on the file that has already been uploaded.
278,"""Then came some Jews from Antioch and Iconium, and persuaded the multitudes, and stoned Paul, and dragged him out of the city, knowing that he was dead."""
279,"As a result, some of the images look good."
280,This tutorial explains how to create simple web application.
281,"But I can change it by changing the color. To do that, there is a shortcut key X. Let me go deeper here."
282,But non-static block cannot be parameterized.
283,It can start with the main method.
284,I will use Firefox web browser and active Internet.
285,Let us see how the code works.
286,"""1. Seeds are harvested there with proper water, oxygen, as well as heat."""
287,"""Then came the servant of the owner of the house, and said unto him, Lord, didst thou not find good seed in the field? have thou not come to harvest it?"""
288,Skilled Hand-Sewing
289,"""And it came to pass, when John was laid in prison, that Jesus came into Galilee, preaching the gospel of God,"""
290,Now let us see how the code works. Save and run.
291,Go to the applications in the menu items and to the Programming and Netbeans IDE icon.
292,"""That thou mayest be blessed, and mayest punish them in the resurrection of the righteous."""
293,And I will show you the code for this.
294,Rama conquers Ayodhya.
295,"""And there he found a man named Aeneas lying in bed with a paralytic for many years."""
296,Then we iterate by the result set.
297,The output shows the number of alignments in the dna2 sequence.
298,GIMP uses many smaller windows like Windows and Macintosh programs.
299,"""Food, meaning food, is any food that we eat or drink, which supplies nutrition to our body."""
300,Let us go back to the place where we want to place the box.
301,"""And if the son ask bread, he giveth him a stone: or if he ask for a fish, he give him a serpent:"""
302,And make a tight fist forward with the palms.
303,"Now, let us learn how to give a stroke or an outline to an object. We should use the Stroke paint tab for this assignment."
304,Bharata went to Rama of Mahatma and prayed with great fervor.
305,Scroll down and click on Save and display button at the bottom of the page.
306,"Right-click Open. From the context menu, select Events, Action, Action Performed."
307,"""And when evening came, he was standing with the twelve."""
308,Today cows are worshipped.
309,"""Truly I say unto you, that all the blood of the prophets from the foundation of the world shall be found in this generation."""
310,"""And who is it that reproacheth thy servant? whether he be cut off from his master's place, or he be put down from his place: for God is able to set him on his place."""
311,And close the document.
312,"""Garuvar Bhavan said the sun is a star, so how can it not be seen at night? At night the stars shine? asked the king."""
313,Then call incrementAvailableCopies.
314,Now go to 310 CURRENT PUBLICATION FREQUENCY.
315,There are birds around the pond.
316,"""Everyone has to dig the soil and get the flow of air."""
317,Start by glancing at both fingers.
318,"""And there arose a dispute among them, which of them should be considered greater."""
319,"""Keep the hands slightly away from the thighs, arms upwards."""
320,Snake grows in the bushes.
321,"""For my soul is exhausted, and the hour of my departure is come."""
322,Those are thighs.
323,"""The breathing process of the stomach, thigh and buttocks is called complete joint breathing."""
324,In this way we can see the objects on all four sides.
325,Now we are at the Welcome page.
326,"Shwa, I will go to Sanskrit camp to study."
327,Right-click on Exit menu item.
328,Lesson e.g. A Lesson b (a < b)
329,Other options for align and distribute dialog box are discussed in the following tutorials.
330,This output comes with a++ printed by you.
331,"When the condition is true, it executes the internal statement, then the increment occurs and the loop is repeated."
332,"Now, we know that both objects are moving."
333,"""For this reason, it is important to use milk in meals."""
334,Add the final keyword to the name variable. We have now changed the name to the final variable.
335,"Now I have all the tutorials in my Archive section. So, I will close the Archive Manager and close the file here and come back to GIMP."
336,"This command gives us the number of blank lines because every time we see a blank line, we print it by increasing x."
337,Everyone knew the strategy of war.
338,"Now, let us define the showDetails method. Then type: public void show Details()."
339,Click on add stop to add another color between them.
340,"""But when thou givest, let not thy left know what thy right hand is doing."""
341,"""And having a high priest over the house of God:"""
342,We have learnt that a member of a class can be combined with a variable and a method.
343,Protect wealth from theft and violence.
344,"For example, we put it in the center environment."
345,Sky
346,Children heard the story.
347,"""And he sent him unto Herod the ruler of Galilee."""
348,"""And heal the sick therein, and proclaim unto you the kingdom of God."""
349,"I will type Patel, Arvind H."
350,"""In the months of October and November, Sohra and Bandana are performed to show the abundance of animals."""
351,I will leave the Shipping cost blank.
352,We have already deleted this processRequest.
353,This will open the dry-time quiz at the given date.
354,"Now, let us use the Greater Zone Operator."
355,You are a warrior.
356,"Finally, click on Save changes button and then on Done button."
357,Click on the Units drop-down list. We can change it as needed.
358,"When logged-in, the details of people's lives are stored in the blocks."
359,"""He was shocked to see the place where he lived, it was very dirty."""
360,Soldiers die on the battlefield.
361,It is very useful in improving vision.
362,There are a thousand kinds of living things on earth.
363,Click on the drop-down list of the blind mode. Here are five options.
364,Do not select any other option.
365,"""And the second reason is soil, which gives water depending on the soil."""
366,"""For if the work be one part, where is the body?"""
367,Type return 0; and close the curly bracket.
368,Divide the following categories of animals:
369,"""Mother eats various dishes every day and festivals, which we enjoy eating."""
370,The Spoken Tutorial project is a component of Talk to a Teacher.
371,"Now, in the Terminal, type:"
372,"To optimize, select Auto Optimization Tool in the toolbar."
373,These options for flood text are disabled.
374,"""And when three days were, Paul called the chief of the Jews, and when they were assembled, he said unto them, Brethren, when I had done nothing against the customs of our nation, or against the manner of our fathers, yet the people of Jerusalem delivered me captive into the hands of the Romans."""
375,"In Screen mode, the colors are first contrasted and then multiplied and divided."
376,"I will select the Scale tool and save the aspect ratio. In this section, I will check the scale."
377,Boy displays kindness in them.
378,Krishna's devotees do not bow.
379,A lesson assignment:
380,Lord said that Dharmabhagvata is the name of Rama as the thousand name.
381,Human body has primal features.
382,"In Categories, select Java."
383,"""Am Guruvar, this is a circular map of the earth."""
384,"""And give not unto thieves the holy things, and cast them not free: for when they have cast them out, they shall fall upon their feet, and thou shalt be delivered."""
385,"As we can see, this condition causes confusion."
386,Let us see what happens if n is equal to 0.
387,"For self-examination,"
388,Select Start Date and End Date of the exchange to view the return.
389,The whole world has fire as energy.
390,Now I will measure the image.
391,Create Table dialog opens.
392,Boy displays kindness.
393,Who are there around you?
394,But a static method can only change and access static variables.
395,"""In our Vedas, more milk is given to the elderly, with the help of prayer and knowledge."""
396,The other here indicates that the Apache instance is running.
397,We see a square handle and a circular handle on the image.
398,We will now learn about the difference between instance method and static method.
399,"""For their hearts were hardened, and they did not eat and drink."""
400,Here you can see Created With GIMP and Loop forever.
401,It is called Villamacharya.
402,He will eat only fruit.
403,Select the Folder drop down menu Bookmarks toolbar.
404,This is our header file stdio.h.
405,Mixed
406,You have conquered the country.
407,And it is not less than 40.
408,Halstein Frisian - This is a sweet-green cow.
409,"""But as for the transgression of the first man, death reigned from Adam unto Moses over all that sinned: this man is the image of the man that came after him."""
410,"But you can control the sharpening if you do it yourself using GIMP. In this tutorial, I will show you how to do this."
411,"Let us change the header file ""stdio.h"" to ""iostream""."
412,This is a chariot.
413,You are a speaker.
414,"""And James and his brother John, and Andrew, and Philip, and Bartholomew;"""
415,Some healthy adults shout at least six times per minute.
416,and type the file name as ST-CD-label and click on Save.
417,"""We speak as though we were weak among you: but I will speak to you in my foolishness, that if any man should boast, he may boast of me also."""
418,Click on the Calculus course. Scroll down to see the details of the course. Click on Enrolled Users.
419,"""For God delivered them into their own lusts, because their wives committed shame unto their own husbands."""
420,Do not create the main class but set the main project.
421,Then click on Add random question button.
422,There are devotees around the temple.
423,"In this tutorial, we will learn how to set Global System Preferences to customize Library OPAC."
424,"Next, let us see what the Status bar does."
425,"""For I proclaim unto you that ye should be circumcised, that through the mercy of God ye might give unto the Gentiles the glory of God: as it is written, Because of thee will I stand before the nations: I will give thanks unto thee, O God."""
426,1. What other name is nutrition?
427,Yogi searches for God everywhere.
428,"""If I had not come and spoken unto them, they would not have sinned: but now there is no sacrifice for their sins."""
429,Teachings on questions
430,"From the drop-down, I select Author (A-Z)."
431,You also need a place to live for a peacock.
432,Be thou a fellow soldier of Christ Jesus.
433,"""And it came to pass, when they were wrestling with one another, that he came to them, and urged them to reconcile them, saying, Lord, why do ye wrong the younger brethren to one another?"""
434,Your assignment is:
435,"Now, let us use this command."
436,The spoken tutorial project teacher conducts workshops using regular tutorials and gives certificates to the graduates.
437,"Function call by value ,"
438,Prana Asana is to lean the strength of your stomach face downwards.
439,You can also open your own shop or take over the work of the textile industry.
440,How does the script overrate tables?
441,Teacher teaches everything.
442,"""Not that the word of God hath failed: for they that are of Israel are not all Israel."""
443,System.out.println(n); then increase to n = n + 1.
444,"""Who shall accuse the elect of God?"""
445,Hold the top of the formula and bring it back to the same place at the bottom of the list as before.
446,"""And they crucified with him two men, one on his left hand, and the other on his right."""
447,Who killed the boy?
448,"""And the Lord said unto him, Simon, behold, Satan has sought thee, even Typhon, to cast out thorns out of thee."""
449,Line spanning is 1.50
450,"""For out of the midst of them is the fornication, which is unclean in their hearts."""
451,"Click on CTRL, ALT and T keys to open the terminal."
452,Let us do.
453,The other codes are from our switch.c program.
454,The next tool is called Intelligent scissors or Scissors selection tool.
455,"""And he that was troubled in the spirit came quickly, and was healed."""
456,Bhishma comes looking at the Ganges.
457,E267 is the value of the Employee ID and 10000 is the amount of Employee salary.
458,"""And he looked, and saw the clothes laid there, but went not in."""
459,Log out from your current session as Database administrative user.
460,He learns Sanskrit.
461,Explain the different types of Asanas in this tutorial.
462,"""Asanas to be performed on the back, such as reversion, sarangaasana, shavasana, halasana, fishasana."""
463,"You may be familiar with HTML and others. If not, please contact our website for relevant tutorials."
464,"Next line, type else and open the flower brackets and press Enter."
465,Those are golices.
466,Every type of ink will be useful to you.
467,Note that our file name is pointer_demo.cpp.
468,"""Take my yoke upon you, and teach me, even as I am gentle, and gentle in heart: and ye shall find rest for your souls."""
469,We are now in the Teachers Dashboard.
470,"Now, in the Price before Tax field, I want the Price to be 48,000."
471,Note that the servlet is similar to any other Java class.
472,We will use this keyword within a constructor to call another one.
473,I will expand the grid line with the slider summary and it will appear soon.
474,My third wish is to give me self-knowledge.
475,"""For I am going away, and evil wolves shall come into you, and be as the raven, and will be afraid of you."""
476,"By clicking on the logo twice, we can open the Inkscape."
477,"""And I am no more worthy to be called thy son: make me thy servant."""
478,Who was Kalidas?
479,"To do so, type the command at the terminal and press Enter. We have obtained the desired result."
480,"""Do not for food destroy the work of God: for all things are holy: but it is not good for a man to eat, lest he be defiled."""
481,I will place the pendulum in the class.
482,"""Lichvi king Bhaskarvarma, the conqueror of the Huns, Yashodharma, Sri Krishnadevaraya (great king of Vijayanagara empire), Lalitaditya (a great warrior)..."""
483,Metal cutters are more durable than plastic cutters.
484,This is a summary of the Spoken Tutorial project.
485,We wrote the code to reverse the string. We gave it the name reverse.awk. We use the recursive function for reversing a string.
486,"""For he that is contrary to all things which we worship, and despiseth God, shall destroy himself and the temple of God, and the house of God."""
487,Yoga is destroyed for the following six reasons.
488,These are created using the same commands given in the original file.
489,"""And when the Jews that were in the house comforting her saw Mary arise swiftly, and go out, they followed her, saying, He is going to the sepulchre to weep there."""
490,"""After a little while another saw him, and said, Thou also art one of them. But Peter said, I am not a man."""
491,"""Krajakrikatkara: One who is the creator of raging diyas."""
492,Useful
493,Calms your brain when you are angry or tired.
494,The story of the play should be written for appropriate events.
495,"""There is an indication of any Indian medicinal plant which can be planted in your house, which is also good for your house."""
496,"else if conditional-expression2 is true, then perform action 2."
497,Makarana can also be called crocodile pose in English.
498,Turn the carbon to the left.
499,What did Rama do to convince Sugriva of his powers?
500,Boy displays pride in you.
501,This is called malnutrition.
502,We should also define the move() method.
503,"""And when it was evening, the twelve with him came unto him, that he might speak unto them."""
504,You all played.
505,Look at the output. We have restored the original sequence of the indexes.
506,See a small triangle on the left side of it.
507,"Let us summarize. In this tutorial, we learnt about:"
508,The commands can be in one or more positions and they are different using white space.
509,"To set user accounts,"
510,This indicates that the previous color has been seen once or more.
511,Select instance variables and static variables.
512,"""And Peter saith unto him, Teach us this parable."""
513,"""There is only one God, Vishnu, who is the supreme Creator of all beings and the indestructible Lord of all three beings."""
514,"""And the Lord answered and said unto him, Who is the wise and wise man of faith, that he may give bread unto his household in due time?"""
515,Dakhsa: One who is skilled in all kinds of activities.
516,"The arrow is to move the category up or down. This is a menu and you get the gear icon, settings, which is indicated by the down arrow."
517,"""And he said unto him, Be thou honoured: for I will send thee far away to the Gentiles."""
518,Do not pollute the sky and air.
519,"If you have a guess about any field, always click on Help icon to determine its priority."
520,This opens the door to oxygen flowing into the air and the development of many types of organisms.
521,Asanas are classified as follows:
522,Ach is the name of Swaraksharana.
523,"""In a state of rest, chant the mantra, feel the vibration in the body."""
524,And we will learn how to compile and edit nodes and hide them.
525,Sri Krishna solved the problem of pandas.
526,Let me set this as 1.
527,Sri Krishna places Arjuna's chariot between the two armies.
528,It is usually called Isoprene.
529,You all heard the story.
530,Those two are laughter.
531,Go to the toolbar and click on Apply button.
532,Right-click on the layer and select the Flatten image.
533,"Next, print the reverse complement using the built-in method of Reverse complement of the sequence object."
534,It is possible to create brackets and use them as they exist in the equations.
535,Click on Fill in correct responses button. This will help you to see the correct answers to the options of the questions.
536,"""And we learn to be earnest in good works, that our people may not be unfruitful."""
537,"""But store up for yourselves treasures in heaven, where neither moth nor rust eateth, and where neither thieves break in and steal:"""
538,We have the option minus c.
539,Boy displays affection in that.
540,"""Knowing first of all that in the latter days there shall come a blasphemer, who walketh according to their own lusts;"""
541,"""And the city hath no need of the sun, and of the moon, to give light upon it: for the glory of God lighteth it, and the Lamb is its lamp."""
542,It increases your energy. Remove the air from the lungs while inhaling. Pay attention to the energy during inhalation.
543,"If we do not include any image in the logo, the Short name will also be used as logo text. We will keep it that way."
544,He taught this by confusing 14 villages.
545,Boy displays pride in these.
546,"""And the day of fasting was come, and the sabbath."""
547,"Now, let us show the allocation of static variables with an example."
548,"""Band means 'planning' or 'meeting'."""
549,It removes eye allergies and increases eye brightness and concentration.
550,We have defined a constructor with two parameters.
551,It helps to increase blood pressure and cures heart disease.
552,"So, type public void showData( ) and type the code at the bottom of the brackets to print id, name, branch and number of students enrolled."
553,Practice sitting on the base.
554,Sita also came to the royal garment.
555,Now we will initialize the fields of the second object.
556,6.5 How do new plants grow?
557,Why is Krishna page needed?
558,Let us go to GreetingServlet dot java.
559,It is said that the juice of water is placed in the sun.
560,Let us move on to create a database on FrontAccounting.
561,Note that we have not initialized the x value. Awk initializes the initial value of x to zero.
562,"""He that calleth you is faithful, and he shall do it."""
563,"So, let me open it."
564,You all know clothing.
565,I will adjust the opacity as shown in the image.
566,Deposits can be given to customers through miscellaneous cells etc.
567,The line should be above J.
568,He is not a soldier.
569,"""And forgive us our trespasses, as we also forgive them that trespass against us: and lead us not into temptation, but deliver us."""
570,Let us start with the back of the string.
571,"To make use of these options, check the check-box next to which subcategory you want to be."
572,The Spoken Tutorial team conducts workshops using the same tutorials. Those who pass online exams will also get certificates.
573,It is a state of peace free from all thoughts.
574,There is a program here.
575,You can see the village of this village.
576,Write a point for cleaning the pots.
577,"""And he put his hands on their thighs, and departed."""
578,4. A white seed is one that emerges from the root.
579,"Create, delete, modify the data and finally"
580,"""And with zeal for the gospel of peace set foot on foot."""
581,Here is a namespace for std where the entire standard C++ library is declared. Now press Enter.
582,See details here.
583,Be calm and dependent.
584,These two are on paper.
585,Flower buds. The flower bud sits in the wrong place.
586,Type the name of the file as welcome.
587,"So, we can assign Students to the course."
588,What do you eat?
589,The quality of the sky is the word.
590,Click on the Add button under the Activity Chooser.
591,Then click on the Enter Payment button at the bottom of the window.
592,Table environment is floated so don't add it here. Add it directly.
593,and display the converted temperature.
594,"There, create a class named Welcome."
595,There are two pins attachment.
596,We have learnt about the usefulness of layer.
597,An SMS message is received on your phone.
598,"Similarly, we will learn to parse data files using functions in the sequence input-output module."
599,You can see that the image is the opposite now. I will reduce the opacity to 50%.
600,Come back to normal position with full breathing.
601,It returns to the syntax.
602,You see another value in your interface.
603,Zoom and click on the star once.
604,But time will also change the nature of the industries.
605,Milk is used in cows.
606,main is a special function.
607,"However, the date can be edited."
608,It sends the same message to all the breasts from the cheeks.
609,"After reading this tutorial, you will learn:"
610,"In the Password text box, select the password you want."
611,"Immediately, the recording software creates a movie."
612,This is an achievement.
613,The lesson was recorded using the best resolution to help the tools used in the lesson.
614,"Like everything else, I record it to 800/600 frames and reduce it to 640/480 frames. This is how it works on Apple TV."
615,Boy displays warmth in these.
616,Squeeze the cavity inside and out.
617,"And it also provides some privacy options to prevent malware, spyware, viruses, trojans and other malicious activities."
618,It is known to be a health enhancer and anti-inflammatory agent.
619,The output is renewed.
620,All the sounds in the alphabet are derived from Shiva's shakti.
621,She knows this.
622,The king did not imitate the success of Dilip.
623,XAMPP services were started before FrontAccounting interface was launched.
624,This statement prints the address of the variable num.
625,You all sit.
626,"""Truly, truly, I say unto you, He that believeth in me shall do the works which I do; and he shall do greater works than these, because I go unto the Father."""
627,"""And if any man be in the field, turn not back to take his garment."""
628,Student learned mathematics.
629,The Indian science of chanting shlokas or mantras is the oldest in the world.
630,I have used Moodle 3.3 and Firefox web browser. You can use any web browser you want.
631,Tree flows from its roots to the ground.
632,"This file is saved in your home folder as ""HIV_geneseq.fasta"". Press Enter."
633,You bow.
634,"""Mind with restraint, the present heart is the soul."""
635,You all worship.
636,"""Study of knowledge, Wisdom, Music and Art can be displayed with the goddess Prasarvati."""
637,Have I freed you because I have spoken the truth?
638,"Now, let us see how to execute the same program in c++."
639,Click on the GL Account Classes link on the Maintenance panel.
640,"""That God gave him a second body in the world, that everyone that believeth on him should not perish, but have eternal life:"""
641,The soundtrack of this tutorial is: Ubuntu 11.10 Operating System
642,Let me name it Account balance.
643,Change the default location to Home Folder.
644,"""And I saw the garments laid, and the garment of the head, set apart in one place."""
645,"To follow this tutorial, you should study library science."
646,"""Whom ye also handed over, according to the determination of God, and according to his appointed plan, to die; whom ye also seized, and crucified, and delivered into the hands of evil men."""
647,Monkeys were chanting.
648,Maharishi Chaivan was an Indian Vedic sage.
649,This was the place where they all met.
650,"""Then, check the performance of each step before the upgrade."""
651,"To get the books and audio printers, please contact your central compiler."
652,"In the course, we will learn how to create groups and send messages and notes to the students."
653,"""Insects such as bees, bees, mosquitoes etc. are examples."""
654,The proper seed mantra is also chanted with the names of Lord Surya.
655,This opens the File Browser window.
656,Explain the question in minutes and seconds. Anybody who answers on our account.
657,Click on Show Layer Mask.
658,Trakta is the practice of focusing on a certain eyepiece.
659,Droni is used for burning in gardens.
660,You can use the terminal and
661,FrontAccounting interface opens.
662,But it does not apply to teachers and students from students to users.
663,"In this tutorial, we will learn about different types of function calls. These are:"
664,"""Many machines have been made by man, but the machines made by nature are useless."""
665,"""And when did we see thee a stranger, and enter into our house? or naked, and welcome thee?"""
666,The first data is in zero index.
667,Click Edit on the Menu bar and then on Preferences.
668,"Before moving on, make sure you have completed this tutorial."
669,"""But I say unto you, It shall be more tolerable for Sodom and Gomorrah on the day of judgment than for that city."""
670,"To save the file, press Ctrl S and run the program."
671,"""And Philip was of Bethsaida, the town of Andrew and Peter."""
672,Now let us change it to enumerate.
673,"""But Jesus, knowing their reasoning, saith unto them, Why do ye reason in your hearts?"""
674,"""That is, the scripture commands that the younger brother should not reign before the older brother."""
675,It helps in normalizing the breathing movement and maintains the breath in a constant rhythm.
676,Low water is used.
677,"In this tutorial, I am going to introduce you to Gimp and its features."
678,"""And they laid him in the place where Jesus was buried, and laid him thereon, that he might be put to death."""
679,"""For they that accomplish the ministry well obtain the glory of their faith in Christ Jesus."""
680,It travels from the brain to the end of the spine.
681,Here is your assignment: Add a new sub-category 2nd Year Maths in Mathematics. Remove the category Miscellaneous.
682,Inhale. Place the weight on the chest. Lift the head and place it on the ground.
683,Keep the neck aligned with the back.
684,The basic is sufficient.
685,Come back to the terminal.
686,Let us drag the mouse value into the box and leave it there.
687,And four possible common errors and their solutions.
688,Type: cd space slash user slash bin.
689,"""And when they had eaten, Jesus saith unto Simon his father, Simon son of Jonah, loveest thou me more than these? He saith unto him, Truly, Lord, thou knowest that I love thee."""
690,"I go to File, click on Save As and change the spread extension from tif to jpg (JPG)."
691,Why is hygiene important for humans? Write four reasons.
692,ii. Clean the skin every day.
693,I will come up with different ideas.
694,At two o'clock came out of the zoo.
695,Boy displays trust in you all.
696,Let me add one and explain later.
697,Father grandfather chanted the name of Krishna.
698,Bend the right leg with knees and sit on the elbows.
699,"""And when he had looked round about upon them all, he said unto him, Give unto me thy hand; and his hand was made whole, as he did."""
700,"""But when he had spoken with him, the disciples came, and urged him, saying, Behold, he is calling after us, and bideth him to depart."""
701,This is a daily tutorial where you get useful information.
702,"Here, we will execute a query to delete the submitted book from the entry Checkout table."
703,"""And they love the chief places in the synagogues, and the first places at the table."""
704,What if we want to delete a file with multiple files and subfolders?
705,She does not want reward.
706,She will grow more flowers like this.
707,Marihasana: One who is in the position of Danda.
708,"""None of them eat meat,"""
709,Boy has respect in me.
710,Click on Create a new question button and double-click on the Short answer option.
711,The selected atoms are visible in blue.
712,"As you can see, the earth's physical environment is changing and the evolution of life is changing."
713,"""And we pray for this grace, that we may see your words, and fill up what is lacking in your faith."""
714,It is also important to provide food in the light of social values.
715,"""And I will not put new bread into new bread, neither will I put fresh bread into fresh bread."""
716,"Immediately, the download is started. Click on Save File button and click on OK button."
717,"""But we declare the secret knowledge of God, which was hidden, which God predestined for our glory before the ages."""
718,Its success message appears.
719,"""And ye say, If we had lived in the days of our fathers, we would not have shared with them in the reproaches of the prophets."""
720,You both may say.
721,"Some common applications like Calculator, Text Editor, Terminal, Firefox Web Browser, Videos, LibreOffice Suite and Home folder."
722,Note that the response.jsp file appears in the project window under the index. jsp file.
723,The Spoken Tutorial Project Manager conducts workshops and provides certificates for passing online exams.
724,3. How to make urine
725,"Here, I will again give the value 8 for b."
726,This article is a contribution of Priyanka Mahābhaga.
727,Compile as before.
728,"So, here they are useful for encrypting fake water colour or you can use them to create a frame around an image."
729,Focus on conscious breathing or Pranayama.
730,Repeat the exercises and inhale loudly into the body.
731,Children heard the story.
732,Some of these are beneficial and some are harmful.
733,The cells can be referred to as centering.
734,"""And when they had been there many days, Festus made known unto the king the cause of Paul, and brought a prisoner named Felix."""
735,"""They are made of iron, steel, iron, aluminum etc."""
736,Boy displays love in them.
737,"""After digestion, when a person goes to eat next to him, it is called food introduction."""
738,It is very difficult to understand the Gita in the sense of knowledge.
739,Rakhanah: One who protects the Triloki.
740,"""For the law of the Spirit of life hath set me free in Christ Jesus unto the law that is sin and death."""
741,"""Lift your legs as far as possible, raise your legs, move your body, and move."""
742,I will delete the details as my proxy does not require authentication.
743,The vampire called for mantha war.
744,Am Guruvar! I know this is common practice Gopal replied. He said.
745,Enter the admin password and click on Authenticate button.
746,Let me tell you about declaring a string.
747,"Now, let us change the opacity of the arrows."
748,"Now, let us call the method in the main method."
749,Type: grep space minus i spacewithin double quotes ankit space saraf after the double quote space grepdemo.txt
750,"If not, please visit our website for relevant tutorials."
751,Locate the zip file at 30Mb and click on Open.
752,Step 4: Four legs
753,The error indicates that we have to implement the Animal interface.
754,"""But whoso stumblingeth one of these little ones that believe in me, it would be better for him, if he were bound with a chain, to be baptized into the sea."""
755,"""And Judas the Samaritan fathered Pereser, whose son was Hezron."""
756,"To do so, a window like Save File opens which tells us to fill in the File name."
757,The works of poets are poems.
758,"""Then said Paul, I stand before Caesar, where I must be judged: I have done the Jews no wrong, as thou knowest very well."""
759,"""And the multitude stood, and the rulers of the world cried unto him, Save thyself now, if he be the Christ of God, the chosen one."""
760,They destroyed the country.
761,Vite has the following characteristics:
762,We can change the size of the star using another handle and rotate it.
763,Course category is set by the admin.
764,"Now type ""$ ls space -l space example1"" and press Enter."
765,Some area code shapes appear. Click on a triangle there and drag it on the canvas. Type the case and remove the Stroke.
766,Bend the fingers together and align the head and torso.
767,"""If any man therefore test himself, he shall be found worthy of the Lord for every good thing, worthy to be honoured."""
768,"""For whatsoever is uncircumcised by the Spirit, that is Christ."""
769,It creates a declarative region and defines a scope.
770,Benefits and Harm of Bacteria
771,"""Before the sewing machine came, sewing machines were used for sewing clothes."""
772,"""The plants grow insects in their colour and the females produce pollen which goes to the female hair and gives fruit in flowers."""
773,"""And he answered and said unto them, Swear unto me, I will do according to thy word."""
774,"After this tutorial, you will be able to complete your drawing and praise yourself."
775,"Now, let us start this tutorial."
776,We can see that the home page of Glassfish Server is visible.
777,Click on the mouse link to get the hyperlink address details.
778,I have learnt a good technique for getting the color list.
779,Let me configure the CD design layer.
780,"""And by the blood of the Lamb, and by the word of their testimony: and they have not hated him, neither have they loved him: and their soul is in danger of death unto them."""
781,Run the code. Run safely.
782,Place the palms on the ground close to the legs.
783,"Now, I will click on Scale and get the image measured."
784,"If the following option is not selected, select Default for Calculus."
785,"11 and Raju in the original sent to the constructor. So, here it is."
786,Now click on the button in front of this field.
787,Then resume the tutorial.
788,Girls want entertainment.
789,The age must be a positive integer.
790,"In this context, it should be represented as zero because there is less use here."
791,"""And the seven angels that had the seven trumpets, went forth to blow them."""
792,I will get a good score.
793,Now we will learn how to use this keyword.
794,I should know the book.
795,"Based on this tutorial, Spoken Tutorial runs workshops."
796,"""And when they had received it, they came to Antioch, and delivered the letter unto me."""
797,"For more details, please visit the following link."
798,"""Thou teachest another, teachest thou not thyself? hast thou steal, and preachest, and condemn, and forbid?"""
799,The General menu has two sliders: Quality and Fog.
800,Please do not ask any related questions. This will not cause confusion or narrowness.
801,"""And if they persist not, they shall be planted again: for God is able to plant them again."""
802,Click on Save.
803,"""And they took Jason and his companions, and let them go."""
804,It helps to create different quizzes for each academic year or for different subjects.
805,Indicating a number is the PID of the existing shell.
806,1. Asana supports the development of people.
807,"If so, please refresh after a while."
808,I wrote a Sanskrit song here.
809,Asanas to be performed with stomach 1
810,"Here, the file ABC is in the XYZ file."
811,"This is because if you change any method to final, you can override it."
812,"""There are talented people, the best and the best are far from the best."""
813,Now enter the password and click on login.
814,"Now, let us look at the URL."
815,I will make a copy of the original at the top of the Background layer.
816,"Here, the first step is to create a sequence record object."
817,He received blessings from the gods.
818,Ancient Indians knew about the disease of dengue.
819,For it is hard for him that doeth good to lay down his life for a man: but for a righteous man there is no one willing to lay up his life.
820,"Again, click on the Account Description drop-down box and select the option Capital."
821,"If the errorMsgs folder is not empty, we will display errorMgs as addUser dot jsp."
822,Now click on Save.
823,"""What then shall we say of our father Abraham in the works?"""
824,You can see that we are using only the default keyword.
825,"For more information, please visit the following link."
826,Again Antialiasing is from the soft regions.
827,"In this window, Tag number 010 is missing."
828,Right-click on the Sample.java file in the Project window.
829,Let us reconcile and close the Bank Account.
830,Boy has trust in you all.
831,"To start a read only variable, we will use the keyword const."
832,"To record this tutorial, I am using: Ubuntu Linux OS 16.04 and Koha version 16.05."
833,"""And he needeth not every day, as the chief priests, to offer sacrifices for his own sins first, and afterward for the sins of the people: for he hath done that once, when he hath offered himself."""
834,"""And if Satan cast out Satan, and be divided against himself, how shall his kingdom stand?"""
835,Click on Go to receipt page.
836,"""And as he was finishing, one ran, and fell down before him, and said unto him, Good Master, what must I do, that I may inherit eternal life?"""
837,"If you do not receive any error message, please note that the biopath has been installed."
838,Then go to the tab 245 TITLE STATEMENT.
839,"""Nevertheless I regard him not as a thirsty man, but rather as a man of no value to me, who willingly lay down his life, to accomplish this service of the Lord Jesus, to bear witness to the gospel of the grace of God."""
840,"""Whereby we show ourselves to be servants of God, praising God in all things, having a reputation of honesty."""
841,Now the space here is dark and this white is probably too white so I will drag it down.
842,"""And when they saw that they were departing, many recognized him, and came down from every city, and stood before him."""
843,It is possible that the log file does not show the orbital details.
844,Enter your username as Su and press Enter.
845,"When you finish typing, close the correctness field. This will show your typing accuracy."
846,"Now, let us look at the laptop."
847,"""From knee to toe, rotate the body in opposite directions to right and left, i.e. the direction of the clock needles and the opposite of the needles."""
848,Scroll down and click on Save changes button.
849,"""Medaya: Goddess Ma Saraswati, who gives compassion and glory, may she please us. She comes to our side."""
850,The need for this will be strengthened.
851,But it doesn't look good. So change the tenth.
852,"Now, delete the format specifier."
853,People say Saraswati is the voice of the goddess.
854,Yajapati: One who is Lord of all the Yajas.
855,"Click on Save. First, we will change the header file to <iostream>."
856,Boy displays friendship in them.
857,The code is written in awk BEGIN section.
858,"In the course page, Forum name appears as a link in the forum."
859,We will add another block. Click on Add a block menu on the left.
860,"Moving up, Unit penalty field is 0.1. So I will make it 0.5."
861,Sutapa: One who is beautiful.
862,"To add a DNA molecule, go to Insert next to Build menu and click on DNA/RNA in the sub-menu."
863,There are many Tabs in the Preference Window.
864,The settings on the visiting card
865,Please use both commands and see the purpose for yourself.
866,Will you listen to music?
867,Details of Downloads
868,They may put their hands on the head but it is important to note that the hands do not touch the head.
869,"Let us summarize. In this tutorial, we have learnt the following."
870,"Otherwise, add some errors with logic or algorithm."
871,"""Working, doing, doing etc. is based on knowledge."""
872,"""And when they had measured the waters, they perceived that there was a storm, and went a little farther, and measured again, and found the waters there about fifty degrees."""
873,You will also learn how to type the blank page view every time you type.
874,"In the module, there are different plugins for teachers and site administrators."
875,We get the result We have successfully run a java program.
876,"Given two equal numbers, the integer 1 is given to the chest."
877,What flower?
878,Bhrastram - This dish is used to digest the most eggs.
879,The surfaces settings dialog box opens. Close the slider to check opacity.
880,"""And when they saw all the multitude that went out to meet Jesus, they begged him, saying, Come hither."""
881,Fill in the following blank spaces with the correct words.
882,We will now log in using the username Bella and its password.
883,"""Fill the head with air in your mouth, and place the head above the inhaler."""
884,The URL is based on the port number and domain name given by sys-ad during the installation process.
885,It is rotated to 90 degrees.
886,Click on the Home folder.
887,"""But woe unto you that are rich: for ye shall be filled, and ye shall hunger."""
888,You can access by right-clicking on the connection node.
889,Natrajo is also one of the names of Lord Shiva.
890,Some of the important elements of plant nutrition are found in various names.
891,"""For God hath not appointed us for wrath, but for salvation through our Lord Jesus Christ:"""
892,"""And he said unto them, What think ye of these things?"""
893,Agrahya: One whose functions are not perceived.
894,"""He was very bright in the appearance of man. He gave birth to the body and the body after birth."""
895,Arjuna is here.
896,"""May the God of peace be with you all. Amen."""
897,"Now, close the Firefox window."
898,"""And when the chief shepherd cometh, ye shall receive a crown of glory, which shall be no more."""
899,"So, we have finished the idea of this format and guide. We have come to the end of the document."
900,"""And they sat there, and took their food."""
901,Children will wear new clothes.
902,The orbit of the Earth is completed in 365 days.
903,"The selected course is displayed in the same directory as the one assigned to the course i.e. Admin, Course creator, Teacher, Manager."
904,"""Rama Lakshmanah went far to search for Sita, but they could not find Sita."""
905,Food gives strength to our body.
906,The activity of joints is very important.
907,3. Nasal - various types of odor-specific messages go to the brain.
908,Soldier exits.
909,"So, I will select a different color from the background colour. What is it here?"
910,The Spoken Tutorial team conducts workshops using spoken tutorials.
911,"""The purpose of this practice is to introduce you to three different components of breathing (abdomen, pelvis and coat) and incorporate them into complete yoga practice."""
912,We have come to the end of this tutorial.
913,These options are the same as in other word processor applications.
914,We have successfully installed the XAMPP server.
915,Increase pressure in the eyes.
916,"""For he that feedeth on milk is not of the word of righteousness, for he is an infant."""
917,"""And they went, and saw everything as they had said, and prepared the Passover, and ate it."""
918,Mooni visits his family.
919,Letters in perspective
920,Exhale and move the left leg forward next to the right leg and reach down with your upper body and touch the forehead to the knees as in step 2.
921,Let us go to the terminal. Let me clean the prompt.
922,"Here, dollar 1 represents the first field, i.e. roll number. The value is dollar 6 multiplied by zero point 3' and dollar six stands for value."
923,Students watched the play.
924,"To do this, go to the top right corner. Click on spoken tutorial library. From the drop-down, click on Log out."
925,"""I know that when I come again unto you, I shall be grieved, and worship my God, when I shall see the repentance of the sinners that have sinned before, and repented not of their fornication."""
926,I will leave them empty.
927,Readers: 8.3
928,"Type hash #include, space, opening angle bracket, closing angle brackets."
929,"So, I will go to Filters >> Enhance >> Sharpen."
930,Click on Stop to pause the auto optimization action.
931,3. Varahamihir
932,The Spoken Tutorial project is part of the Talk to a Teacher project.
933,It tells us to give write permission to the directory.
934,Export the file in eps format and see it.
935,Let me now talk more about Paintbrush and how to select the colors.
936,Nakamay: One who holds many Maya.
937,"""That I may boast in God in Christ Jesus."""
938,You all are archers.
939,Next comes the option 'Birthday'.
940,"""But Jesus said unto them, A prophet is without honor, except in his own country, and in his family, and his own house."""
941,"""And I saw, and behold, a white horse, whose name is Death: and the heavens and the earth followed him, and gave him power over the fourth part of the earth, to slay men, and to kill them with pestilence, and with diseases, and wild beasts."""
942,iv. Pramastiskana
943,We started with cropping the image. I will show you what to do with the image in the next tutorial.
944,Let me go to the terminal and empty it.
945,Let us go back to the slides and learn about the main function.
946,"""Bhakti influences joy, divine pleasure, peace and knowledge."""
947,"""Those that are overseers, especially they that labor in the word of God and in the teaching, are worthy of double honor."""
948,"""Behold, man is justified by works, not by doubt, but by faith."""
949,"""And when Paul had accomplished all these things, he made up his mind to go up to Jerusalem through Macedonia and Achaia, saying, When I have been there, I must also see Rome."""
950,The output is displayed in GC content percentage.
951,It looks nice.
952,Note that all C files have .c(dot C) extension.
953,Sadgati: One whose speed is best.
954,"So, I select Clone Tool and change the size of the Brush."
955,"""That he might make known unto the angels and rulers in the heavens the wisdom of God in many ways, which is now in the church."""
956,Hard leaf is a small tree growing up to 6 meters tall. Its leaves are parallel and 10-12 in number.
957,"As a result, we see Hello space World."
958,"In the prompt, type the date space plus percentage symbol as small as h and press Enter."
959,"""May the Lord have mercy on the household of Pyrnisiphas: for he hath despised me."""
960,Browse the following folder path.
961,The feature of Ubuntu Linux OS is that there are many workspaces or desktop.
962,"In the new window that opens here, select the user name you want. I want to use frontacc as user name."
963,A message appears at the top saying Journal entry has been entered
964,Search for the correct image.
965,"""For through him we have received a new commandment, not of the written commandment but of the Spirit: for the letter is death, but the Spirit is life."""
966,The data in the Level field now appears as 2.
967,"It works in Linux, macOS and Windows."
968,---Add the audio @02:32 from the tutorial nstallation of FrontAccounting on Window OS timing 08:10 to 08:30---
969,The following five trees are famous for their divine qualities and their relationship with God.
970,"""Behold, I give you authority to tread under foot serpents and scorpions, and all power: and nothing shall hurt you at all."""
971,"""Inhale, inhale without any pressure. This breath should be filled normally."""
972,"""And ye have not read, That a man shall leave his father and his mother, and be joined to his wife; and the two shall be one flesh:"""
973,"""And Zechariah said unto the angel, How shall I know this? for I am old, and my wife is old."""
974,"So, here we will only list the changes."
975,Fill in the fields in this section if you want the students to automatically adjust their position.
976,Click on Cataloging on the Home page.
977,While loop
978,The output of the ls command works as an input for the wc command.
979,"To connect the printer to the computer,"
980,"""And the rest of them went, and took what was left of the vessels, or whatever they had; and they all fell to the ground, and were healed."""
981,"If all the conditions are false, the last Else section will be executed."
982,Select MMFF94 Force Field and click on Start button.
983,Bhutan: One who created all living beings.
984,"A file has a name, a number of names, an administrative list and the date of the file's creation change."
985,The next word Touch is three qualities.
986,Demonstrate geometry and structure of nanotubes in co-ordination compounds.
987,This prevents the heat of the machine.
988,The nose is in both eyes.
989,"In Bcc, we write stlibreoffice@gmail.com and info@spoken-tutorial.org."
990,"Here, the first field is the roll number and the sixth field students are the steps."
991,This tutorial called Blocks in Admin's Dashboard explains how to add and remove blocks.
992,"""Many ancient Indian texts give rules for the safety and health of cows."""
993,"""Among whom also are those of the Gentiles, who have been called unto Jesus Christ."""
994,"""Inhale deeply, exhale out loudly."""
995,"""And he said unto him, Behold, before the cock breaks, thou shalt put me on thy feet three times: and he that called his name, Jesus, went forth, and mourned."""
996,Patient gives thanks to the doctor.
997,"""And Nathanael answered and said unto him, Can any good thing come forth from Nazareth? Philip saith to him, Behold it."""
998,And I will drag it to the toolbar. It is here.
999,"There are only edit, hide, duplicate and delete settings for the resource. These details are available here."
1000,• Expand the body slightly and close the eyes and relax the body completely.
